{
  "diversity": {
    "candidate_mean_distances": {
      "knn-k1-distance": 5.663065519179527,
      "knn-k1-uniform": 5.663065519179527,
      "knn-k11-distance": 5.873474461538598,
      "knn-k11-uniform": 6.036819512472145,
      "knn-k15-distance": 6.054461821746522,
      "knn-k15-uniform": 6.240089862359222,
      "knn-k21-distance": 5.8914623752803825,
      "knn-k21-uniform": 6.438797327632664,
      "knn-k3-distance": 5.7613586319927546,
      "knn-k3-uniform": 5.715456684760742,
      "knn-k31-distance": 5.775765953712318,
      "knn-k31-uniform": 6.207716663287252,
      "knn-k45-distance": 5.7673144361924775,
      "knn-k45-uniform": 6.179846314189424,
      "knn-k5-distance": 5.93312446958127,
      "knn-k5-uniform": 5.861459314171157,
      "knn-k7-distance": 6.056149964835117,
      "knn-k7-uniform": 6.150465373833579,
      "knn-k9-distance": 6.0138466635320675,
      "knn-k9-uniform": 5.984327499385049,
      "linearsvc-c0.001-b0": 4.182315703141479,
      "linearsvc-c0.001-b1": 4.3384014775711215,
      "linearsvc-c0.0020691-b0": 3.1225993075639678,
      "linearsvc-c0.0020691-b1": 3.6969886170583934,
      "linearsvc-c0.0042813-b0": 3.1973501816916894,
      "linearsvc-c0.0042813-b1": 3.6675275892047448,
      "linearsvc-c0.0088587-b0": 3.106353218562609,
      "linearsvc-c0.0088587-b1": 3.2812707220353654,
      "linearsvc-c0.01833-b0": 3.2821454229126847,
      "linearsvc-c0.01833-b1": 3.715982639514597,
      "linearsvc-c0.037927-b0": 3.931703860182904,
      "linearsvc-c0.037927-b1": 3.632074067213303,
      "linearsvc-c0.078476-b0": 3.8057836437982933,
      "linearsvc-c0.078476-b1": 3.803002229477936,
      "linearsvc-c0.16238-b0": 3.508666668632341,
      "linearsvc-c0.16238-b1": 3.5729111241672533,
      "linearsvc-c0.33598-b0": 3.324029356292182,
      "linearsvc-c0.33598-b1": 3.3304460335764836,
      "linearsvc-c0.69519-b0": 3.1911669007609578,
      "linearsvc-c0.69519-b1": 3.1902626838172217,
      "linearsvc-c1.4384-b0": 2.7900031222982737,
      "linearsvc-c1.4384-b1": 2.797290174473938,
      "linearsvc-c1000-b0": 2.931249395436085,
      "linearsvc-c1000-b1": 3.0142670628342936,
      "linearsvc-c112.88-b0": 2.9271585814977157,
      "linearsvc-c112.88-b1": 3.0138684150500437,
      "linearsvc-c12.743-b0": 3.2599821812364893,
      "linearsvc-c12.743-b1": 3.265954217059645,
      "linearsvc-c2.9764-b0": 2.972056662897607,
      "linearsvc-c2.9764-b1": 3.078731418440132,
      "linearsvc-c233.57-b0": 2.9279174764347786,
      "linearsvc-c233.57-b1": 3.0115162984939348,
      "linearsvc-c26.367-b0": 3.1242075473439086,
      "linearsvc-c26.367-b1": 3.1267407281916815,
      "linearsvc-c483.29-b0": 2.9259026535895902,
      "linearsvc-c483.29-b1": 3.008681044909113,
      "linearsvc-c54.556-b0": 3.0110245283243566,
      "linearsvc-c54.556-b1": 3.1267407281916815,
      "linearsvc-c6.1585-b0": 3.1631147896000558,
      "linearsvc-c6.1585-b1": 3.0770319198572422,
      "logreg-c0.001-b0": 4.607196191137779,
      "logreg-c0.001-b1": 4.039511444286622,
      "logreg-c0.0020691-b0": 4.055858350487086,
      "logreg-c0.0020691-b1": 3.2722151260542414,
      "logreg-c0.0042813-b0": 3.163523941668141,
      "logreg-c0.0042813-b1": 2.763359638715122,
      "logreg-c0.0088587-b0": 2.750261616972338,
      "logreg-c0.0088587-b1": 2.8323384777762386,
      "logreg-c0.01833-b0": 2.8026258635316306,
      "logreg-c0.01833-b1": 2.9275197443718346,
      "logreg-c0.037927-b0": 2.688012219705198,
      "logreg-c0.037927-b1": 3.0773304826137893,
      "logreg-c0.078476-b0": 2.878671139028317,
      "logreg-c0.078476-b1": 3.0489844251320735,
      "logreg-c0.16238-b0": 2.75802330518739,
      "logreg-c0.16238-b1": 3.079484735713721,
      "logreg-c0.33598-b0": 2.764318991307607,
      "logreg-c0.33598-b1": 3.083516394769192,
      "logreg-c0.69519-b0": 2.752317601836066,
      "logreg-c0.69519-b1": 2.7303289823747265,
      "logreg-c1.4384-b0": 2.736563522019722,
      "logreg-c1.4384-b1": 2.876537420916253,
      "logreg-c1000-b0": 2.8107074643615357,
      "logreg-c1000-b1": 2.8030891921164103,
      "logreg-c112.88-b0": 2.667962677955077,
      "logreg-c112.88-b1": 2.798716820935137,
      "logreg-c12.743-b0": 2.594526549561891,
      "logreg-c12.743-b1": 2.596763220859086,
      "logreg-c2.9764-b0": 2.629457658179251,
      "logreg-c2.9764-b1": 2.62440128918409,
      "logreg-c233.57-b0": 2.670792531062625,
      "logreg-c233.57-b1": 2.8030891921164103,
      "logreg-c26.367-b0": 2.6599553779446525,
      "logreg-c26.367-b1": 2.663729822623002,
      "logreg-c483.29-b0": 2.670792531062625,
      "logreg-c483.29-b1": 2.8030891921164103,
      "logreg-c54.556-b0": 2.66182658885065,
      "logreg-c54.556-b1": 2.66182658885065,
      "logreg-c6.1585-b0": 2.579367870976429,
      "logreg-c6.1585-b1": 2.5611410430729618,
      "sgd-hinge-a0.000215": 3.138731384166418,
      "sgd-hinge-a0.000774": 3.22540449415594,
      "sgd-hinge-a0.00278": 2.796822616175894,
      "sgd-hinge-a0.01": 3.481241224115982,
      "sgd-hinge-a1.29e-06": 5.577922917392721,
      "sgd-hinge-a1.67e-05": 3.589043687538676,
      "sgd-hinge-a1e-07": 3.383875013279161,
      "sgd-hinge-a3.59e-07": 3.4418272016681613,
      "sgd-hinge-a4.64e-06": 3.44351103839506,
      "sgd-hinge-a5.99e-05": 3.3379622992129456,
      "sgd-log_loss-a0.000215": 2.9221023567522737,
      "sgd-log_loss-a0.000774": 2.8737578938660664,
      "sgd-log_loss-a0.00278": 2.964150639797383,
      "sgd-log_loss-a0.01": 3.5980712848931744,
      "sgd-log_loss-a1.29e-06": 4.7312901405928995,
      "sgd-log_loss-a1.67e-05": 5.9233197251031005,
      "sgd-log_loss-a1e-07": 3.657834990246016,
      "sgd-log_loss-a3.59e-07": 3.4487450051656965,
      "sgd-log_loss-a4.64e-06": 3.8614989484026743,
      "sgd-log_loss-a5.99e-05": 3.325417089590722
    },
    "empirical_p_ge_selected": 0.9332133573285343,
    "random_max": 5.657391963948444,
    "random_mean": 3.6948990845312983,
    "random_p95": 4.828126579940781,
    "random_sd": 0.7429894804922341,
    "random_trials": 5000,
    "selected_ids": [
      "knn-k21-uniform",
      "knn-k15-uniform",
      "knn-k31-uniform",
      "knn-k45-uniform",
      "knn-k7-uniform",
      "knn-k7-distance",
      "knn-k15-distance",
      "knn-k11-uniform",
      "knn-k9-distance",
      "knn-k9-uniform"
    ],
    "selected_mean_pairwise_distance": 2.4764984482491093
  },
  "environment": {
    "numpy": "2.5.1",
    "pandas": "3.0.3",
    "platform": "macOS-26.5.2-arm64-arm-64bit-Mach-O",
    "python": "3.13.14 (main, Jun 10 2026, 12:24:04) [Clang 21.0.0 (clang-2100.0.123.102)]",
    "sklearn": "1.9.0",
    "wall_seconds": 88.10896908399991
  },
  "generalization": {
    "agent_mean": 0.7940392648287384,
    "agent_minus_global_mean": -0.011157059314954042,
    "agent_ties_vs_global": 5,
    "agent_wins_vs_global": 1,
    "feature_columns": [
      "task_log_samples",
      "task_log_features",
      "task_classes",
      "task_imbalance",
      "task_sparse",
      "task_mod_tabular",
      "task_mod_image",
      "task_mod_text",
      "cand_fam_logreg",
      "cand_fam_linearsvc",
      "cand_fam_sgd",
      "cand_fam_knn",
      "cand_strength",
      "cand_balanced",
      "cand_variant_distance",
      "cand_variant_log"
    ],
    "global_best_candidate": "knn-k7-distance",
    "global_mean": 0.8051963241436926,
    "heldout_tasks": 10,
    "modalities": [
      "image",
      "tabular",
      "text"
    ],
    "oracle_mean": 0.8231495405179615,
    "random_mean": 0.8029796888053466,
    "selected_candidates": 10,
    "training_tasks": 9
  },
  "protocol": {
    "candidate_actions": 120,
    "heldout_tasks": 10,
    "label": "scaled_independent_reproduction",
    "offline_text_smoke": false,
    "openreview_id": "kcPPWaoegr",
    "paper": "ML-Agent: Reinforcing LLM Agents for Autonomous Machine Learning Engineering",
    "random_subsets": 5000,