metric,baseline,pruned,ratio
throughput_tokens_per_second,1445.6445656789726,1782.5785653264759,1.2330683541768486
pruning_seconds,600,246.88018622400705,0.4114669770400117
