metric,baseline,pruned,change_fraction
parameter_bytes,13838323712,7397969920,-0.4653998508804359
cuda_allocated_bytes,13840421376,7415013888,-0.46424941217049837
c4_perplexity,9.619923421921586,20.91713811772839,1.174355990200822
