{
  "diversity": {
    "candidate_mean_distances": {
      "knn-k1-distance": 5.920928137738175,
      "knn-k1-uniform": 5.920928137738175,
      "knn-k11-distance": 5.7604195837888446,
      "knn-k11-uniform": 5.918637095703093,
      "knn-k15-distance": 5.786383404572587,
      "knn-k15-uniform": 5.977106011084752,
      "knn-k21-distance": 5.717482750517408,
      "knn-k21-uniform": 6.261726571477978,
      "knn-k3-distance": 5.896660990837703,
      "knn-k3-uniform": 5.864208784824316,
      "knn-k31-distance": 5.784504838015107,
      "knn-k31-uniform": 6.218735579026524,
      "knn-k45-distance": 5.722057147498744,
      "knn-k45-uniform": 6.138888562944115,
      "knn-k5-distance": 5.969836064665068,
      "knn-k5-uniform": 5.894167726290663,
      "knn-k7-distance": 5.987309885181486,
      "knn-k7-uniform": 6.077970527928121,
      "knn-k9-distance": 6.064313515693472,
      "knn-k9-uniform": 6.032269188425973,
      "linearsvc-c0.001-b0": 4.184400168399826,
      "linearsvc-c0.001-b1": 4.337982766820017,
      "linearsvc-c0.0020691-b0": 3.140888508695204,
      "linearsvc-c0.0020691-b1": 3.698119948145655,
      "linearsvc-c0.0042813-b0": 3.2268643728487083,
      "linearsvc-c0.0042813-b1": 3.672438735318998,
      "linearsvc-c0.0088587-b0": 3.1141391337375466,
      "linearsvc-c0.0088587-b1": 3.287561421402814,
      "linearsvc-c0.01833-b0": 3.2767368711344536,
      "linearsvc-c0.01833-b1": 3.7221583072947673,
      "linearsvc-c0.037927-b0": 3.93322669661403,
      "linearsvc-c0.037927-b1": 3.6276250779605266,
      "linearsvc-c0.078476-b0": 3.814695614348074,
      "linearsvc-c0.078476-b1": 3.8073904660741844,
      "linearsvc-c0.16238-b0": 3.500392509826375,
      "linearsvc-c0.16238-b1": 3.570190439786032,
      "linearsvc-c0.33598-b0": 3.326273747151447,
      "linearsvc-c0.33598-b1": 3.334821320703031,
      "linearsvc-c0.69519-b0": 3.199199700422467,
      "linearsvc-c0.69519-b1": 3.2019687932410874,
      "linearsvc-c1.4384-b0": 2.7921593330098897,
      "linearsvc-c1.4384-b1": 2.79404977216995,
      "linearsvc-c1000-b0": 2.930748540300963,
      "linearsvc-c1000-b1": 3.0109394541204413,
      "linearsvc-c112.88-b0": 2.927468477018071,
      "linearsvc-c112.88-b1": 3.012403134534411,
      "linearsvc-c12.743-b0": 3.2587983047659965,
      "linearsvc-c12.743-b1": 3.264754029076523,
      "linearsvc-c2.9764-b0": 2.9716370484039314,
      "linearsvc-c2.9764-b1": 3.076852476286831,
      "linearsvc-c233.57-b0": 2.929636364258152,
      "linearsvc-c233.57-b1": 3.0115091256159805,
      "linearsvc-c26.367-b0": 3.122990456377266,
      "linearsvc-c26.367-b1": 3.122990456377266,
      "linearsvc-c483.29-b0": 2.930317066698811,
      "linearsvc-c483.29-b1": 3.01182858069665,
      "linearsvc-c54.556-b0": 3.0099546300729165,
      "linearsvc-c54.556-b1": 3.12523821451038,
      "linearsvc-c6.1585-b0": 3.162048030574767,
      "linearsvc-c6.1585-b1": 3.0771159223782956,
      "logreg-c0.001-b0": 4.705791696812804,
      "logreg-c0.001-b1": 4.04194982854558,
      "logreg-c0.0020691-b0": 4.162049004971668,
      "logreg-c0.0020691-b1": 3.2809513919718154,
      "logreg-c0.0042813-b0": 3.225816281085642,
      "logreg-c0.0042813-b1": 2.773172878154288,
      "logreg-c0.0088587-b0": 2.7566841077156425,
      "logreg-c0.0088587-b1": 2.837734332376239,
      "logreg-c0.01833-b0": 2.8071350439121527,
      "logreg-c0.01833-b1": 2.935443126267557,
      "logreg-c0.037927-b0": 2.7140149465168055,
      "logreg-c0.037927-b1": 3.080719045413493,
      "logreg-c0.078476-b0": 2.907610834399618,
      "logreg-c0.078476-b1": 3.0519183976356996,
      "logreg-c0.16238-b0": 2.7595068708835084,
      "logreg-c0.16238-b1": 3.08199827920311,
      "logreg-c0.33598-b0": 2.783915203611229,
      "logreg-c0.33598-b1": 3.0903846879339683,
      "logreg-c0.69519-b0": 2.763565800114331,
      "logreg-c0.69519-b1": 2.7342350664402995,
      "logreg-c1.4384-b0": 2.758859148481258,
      "logreg-c1.4384-b1": 2.8852617917202803,
      "logreg-c1000-b0": 2.8097979152946255,
      "logreg-c1000-b1": 2.8159542485110847,
      "logreg-c112.88-b0": 2.68008699491391,
      "logreg-c112.88-b1": 2.821449492743437,
      "logreg-c12.743-b0": 2.600281503802552,
      "logreg-c12.743-b1": 2.6025396178780986,
      "logreg-c2.9764-b0": 2.642538194444407,
      "logreg-c2.9764-b1": 2.636273952199353,
      "logreg-c233.57-b0": 2.6748612933431315,
      "logreg-c233.57-b1": 2.8205796201646236,
      "logreg-c26.367-b0": 2.6749682023762156,
      "logreg-c26.367-b1": 2.667106102285331,
      "logreg-c483.29-b0": 2.6709472634354703,
      "logreg-c483.29-b1": 2.8159542485110847,
      "logreg-c54.556-b0": 2.6790784291589906,
      "logreg-c54.556-b1": 2.6936745947307847,
      "logreg-c6.1585-b0": 2.585299022883983,
      "logreg-c6.1585-b1": 2.5761191863769377,
      "sgd-hinge-a0.000215": 3.1352329253911773,
      "sgd-hinge-a0.000774": 3.2233149978579947,
      "sgd-hinge-a0.00278": 2.8161353378358145,
      "sgd-hinge-a0.01": 3.471134260498808,
      "sgd-hinge-a1.29e-06": 5.566059446647918,
      "sgd-hinge-a1.67e-05": 3.608126435043192,
      "sgd-hinge-a1e-07": 3.3659516796884557,
      "sgd-hinge-a3.59e-07": 3.4559948544424572,
      "sgd-hinge-a4.64e-06": 3.440352226679868,
      "sgd-hinge-a5.99e-05": 3.3415140851245706,
      "sgd-log_loss-a0.000215": 2.9347221374898127,
      "sgd-log_loss-a0.000774": 2.900888729871019,
      "sgd-log_loss-a0.00278": 2.9690830759768545,
      "sgd-log_loss-a0.01": 3.6059445102129852,
      "sgd-log_loss-a1.29e-06": 4.73004442901241,
      "sgd-log_loss-a1.67e-05": 5.922580296344863,
      "sgd-log_loss-a1e-07": 3.6574861607006386,
      "sgd-log_loss-a3.59e-07": 3.460458482575095,
      "sgd-log_loss-a4.64e-06": 3.858623928461797,
      "sgd-log_loss-a5.99e-05": 3.3281483822569045
    },
    "empirical_p_ge_selected": 0.0001999600079984003,
    "random_max": 5.626313489495825,
    "random_mean": 3.698375000327932,
    "random_p95": 4.8145191444109035,
    "random_sd": 0.7370096892649434,
    "random_trials": 5000,
    "selected_ids": [
      "sgd-log_loss-a1.67e-05",
      "knn-k31-uniform",
      "sgd-log_loss-a0.01",
      "knn-k1-uniform",
      "logreg-c0.001-b0",
      "linearsvc-c0.001-b0",
      "sgd-log_loss-a1.29e-06",
      "linearsvc-c12.743-b1",
      "knn-k15-distance",
      "sgd-log_loss-a4.64e-06"
    ],
    "selected_mean_pairwise_distance": 5.851605329297916,
    "selection_method": "standardize per training task, then deterministic maximin farthest-point sampling"
  },
  "environment": {
    "numpy": "2.5.1",
    "pandas": "3.0.3",
    "platform": "Linux-6.12.94-123.180.amzn2023.x86_64-x86_64-with-glibc2.36",
    "python": "3.12.12 (main, Feb  3 2026, 05:51:02) [GCC 12.2.0]",
    "sklearn": "1.9.0",
    "wall_seconds": 230.43339289200003
  },
  "generalization": {
    "agent_mean": 0.8979532163742692,
    "agent_minus_global_mean": -0.0045238095238095185,
    "agent_ties_vs_global": 4,
    "agent_wins_vs_global": 2,
    "feature_columns": [
      "task_log_samples",
      "task_log_features",
      "task_classes",
      "task_imbalance",
      "task_sparse",
      "task_mod_tabular",
      "task_mod_image",
      "task_mod_text",
      "cand_fam_logreg",
      "cand_fam_linearsvc",
      "cand_fam_sgd",
      "cand_fam_knn",
      "cand_strength",
      "cand_balanced",
      "cand_variant_distance",
      "cand_variant_log"
    ],
    "global_best_candidate": "sgd-log_loss-a0.01",
    "global_mean": 0.9024770258980785,
    "heldout_tasks": 10,
    "modalities": [
      "image",
      "tabular",
      "text"
    ],
    "oracle_mean": 0.9132289055973265,
    "random_mean": 0.847499074770259,
    "selected_candidates": 10,
    "training_tasks": 9
  },
  "protocol": {
    "candidate_actions": 120,
    "heldout_tasks": 10,
    "label": "scaled_independent_reproduction",
    "offline_text_smoke": false,
    "openreview_id": "kcPPWaoegr",