{
  "diversity": {
    "candidate_mean_distances": {
      "knn-k1-distance": 5.663065519179529,
      "knn-k1-uniform": 5.663065519179529,
      "knn-k11-distance": 5.873474461538602,
      "knn-k11-uniform": 6.036819512472147,
      "knn-k15-distance": 6.054461821746522,
      "knn-k15-uniform": 6.2400898623592225,
      "knn-k21-distance": 5.891462375280381,
      "knn-k21-uniform": 6.438797327632664,
      "knn-k3-distance": 5.761358631992751,
      "knn-k3-uniform": 5.715456684760738,
      "knn-k31-distance": 5.775765953712313,
      "knn-k31-uniform": 6.207716663287248,
      "knn-k45-distance": 5.767314436192476,
      "knn-k45-uniform": 6.179846314189413,
      "knn-k5-distance": 5.933124469581267,
      "knn-k5-uniform": 5.861459314171153,
      "knn-k7-distance": 6.056149964835115,
      "knn-k7-uniform": 6.150465373833578,
      "knn-k9-distance": 6.0138466635320675,
      "knn-k9-uniform": 5.984327499385048,
      "linearsvc-c0.001-b0": 4.18231570314148,
      "linearsvc-c0.001-b1": 4.3384014775711215,
      "linearsvc-c0.0020691-b0": 3.1225993075639704,
      "linearsvc-c0.0020691-b1": 3.696988617058392,
      "linearsvc-c0.0042813-b0": 3.197350181691691,
      "linearsvc-c0.0042813-b1": 3.667527589204746,
      "linearsvc-c0.0088587-b0": 3.1063532185626097,
      "linearsvc-c0.0088587-b1": 3.2812707220353676,
      "linearsvc-c0.01833-b0": 3.282145422912684,
      "linearsvc-c0.01833-b1": 3.715982639514595,
      "linearsvc-c0.037927-b0": 3.9317038601829073,
      "linearsvc-c0.037927-b1": 3.632074067213309,
      "linearsvc-c0.078476-b0": 3.805783643798295,
      "linearsvc-c0.078476-b1": 3.803002229477938,
      "linearsvc-c0.16238-b0": 3.5086666686323396,
      "linearsvc-c0.16238-b1": 3.57291112416725,
      "linearsvc-c0.33598-b0": 3.3240293562921814,
      "linearsvc-c0.33598-b1": 3.3304460335764836,
      "linearsvc-c0.69519-b0": 3.191166900760959,
      "linearsvc-c0.69519-b1": 3.190262683817222,
      "linearsvc-c1.4384-b0": 2.790003122298278,
      "linearsvc-c1.4384-b1": 2.797290174473942,
      "linearsvc-c1000-b0": 2.931249395436089,
      "linearsvc-c1000-b1": 3.0142670628342976,
      "linearsvc-c112.88-b0": 2.9271585814977192,
      "linearsvc-c112.88-b1": 3.0138684150500477,
      "linearsvc-c12.743-b0": 3.2599821812364866,
      "linearsvc-c12.743-b1": 3.265954217059642,
      "linearsvc-c2.9764-b0": 2.9720566628976117,
      "linearsvc-c2.9764-b1": 3.078731418440136,
      "linearsvc-c233.57-b0": 2.9279174764347817,
      "linearsvc-c233.57-b1": 3.011516298493938,
      "linearsvc-c26.367-b0": 3.124207547343906,
      "linearsvc-c26.367-b1": 3.1267407281916793,
      "linearsvc-c483.29-b0": 2.925902653589594,
      "linearsvc-c483.29-b1": 3.0086810449091166,
      "linearsvc-c54.556-b0": 3.01102452832436,
      "linearsvc-c54.556-b1": 3.1267407281916793,
      "linearsvc-c6.1585-b0": 3.16311478960006,
      "linearsvc-c6.1585-b1": 3.0770319198572476,
      "logreg-c0.001-b0": 4.60719619113778,
      "logreg-c0.001-b1": 4.039511444286625,
      "logreg-c0.0020691-b0": 4.055858350487089,
      "logreg-c0.0020691-b1": 3.272215126054243,
      "logreg-c0.0042813-b0": 3.1635239416681418,
      "logreg-c0.0042813-b1": 2.7633596387151225,
      "logreg-c0.0088587-b0": 2.75026161697234,
      "logreg-c0.0088587-b1": 2.832338477776237,
      "logreg-c0.01833-b0": 2.8026258635316292,
      "logreg-c0.01833-b1": 2.9275197443718364,
      "logreg-c0.037927-b0": 2.6880122197052003,
      "logreg-c0.037927-b1": 3.0773304826137906,
      "logreg-c0.078476-b0": 2.878671139028318,
      "logreg-c0.078476-b1": 3.0489844251320752,
      "logreg-c0.16238-b0": 2.7580233051873893,
      "logreg-c0.16238-b1": 3.0794847357137227,
      "logreg-c0.33598-b0": 2.7643189913076056,
      "logreg-c0.33598-b1": 3.0835163947691937,
      "logreg-c0.69519-b0": 2.752317601836064,
      "logreg-c0.69519-b1": 2.7303289823747248,
      "logreg-c1.4384-b0": 2.73656352201972,
      "logreg-c1.4384-b1": 2.876537420916255,
      "logreg-c1000-b0": 2.8107074643615366,
      "logreg-c1000-b1": 2.803089192116411,
      "logreg-c112.88-b0": 2.667962677955079,
      "logreg-c112.88-b1": 2.7987168209351387,
      "logreg-c12.743-b0": 2.594526549561892,
      "logreg-c12.743-b1": 2.5967632208590867,
      "logreg-c2.9764-b0": 2.6294576581792533,
      "logreg-c2.9764-b1": 2.6244012891840924,
      "logreg-c233.57-b0": 2.670792531062626,
      "logreg-c233.57-b1": 2.803089192116411,
      "logreg-c26.367-b0": 2.6599553779446534,
      "logreg-c26.367-b1": 2.6637298226230035,
      "logreg-c483.29-b0": 2.670792531062626,
      "logreg-c483.29-b1": 2.803089192116411,
      "logreg-c54.556-b0": 2.6618265888506514,
      "logreg-c54.556-b1": 2.6618265888506514,
      "logreg-c6.1585-b0": 2.5793678709764305,
      "logreg-c6.1585-b1": 2.561141043072963,
      "sgd-hinge-a0.000215": 3.138731384166419,
      "sgd-hinge-a0.000774": 3.2254044941559425,
      "sgd-hinge-a0.00278": 2.796822616175897,
      "sgd-hinge-a0.01": 3.481241224115982,
      "sgd-hinge-a1.29e-06": 5.577922917392722,
      "sgd-hinge-a1.67e-05": 3.589043687538677,
      "sgd-hinge-a1e-07": 3.383875013279164,
      "sgd-hinge-a3.59e-07": 3.4418272016681595,
      "sgd-hinge-a4.64e-06": 3.443511038395062,
      "sgd-hinge-a5.99e-05": 3.337962299212947,
      "sgd-log_loss-a0.000215": 2.9221023567522773,
      "sgd-log_loss-a0.000774": 2.8737578938660704,
      "sgd-log_loss-a0.00278": 2.964150639797383,
      "sgd-log_loss-a0.01": 3.598071284893172,
      "sgd-log_loss-a1.29e-06": 4.731290140592902,
      "sgd-log_loss-a1.67e-05": 5.923319725103103,
      "sgd-log_loss-a1e-07": 3.6578349902460165,
      "sgd-log_loss-a3.59e-07": 3.448745005165697,
      "sgd-log_loss-a4.64e-06": 3.861498948402675,
      "sgd-log_loss-a5.99e-05": 3.325417089590722
    },
    "empirical_p_ge_selected": 0.0001999600079984003,
    "random_max": 5.6573919639484425,
    "random_mean": 3.6948990845312992,
    "random_p95": 4.828126579940782,
    "random_sd": 0.7429894804922337,
    "random_trials": 5000,
    "selected_ids": [
      "sgd-log_loss-a1.67e-05",
      "knn-k31-uniform",
      "sgd-log_loss-a0.01",
      "knn-k1-uniform",
      "logreg-c0.001-b0",
      "linearsvc-c0.001-b0",
      "sgd-log_loss-a1.29e-06",
      "knn-k15-distance",
      "linearsvc-c12.743-b1",
      "sgd-log_loss-a4.64e-06"
    ],
    "selected_mean_pairwise_distance": 5.847667329424862,
    "selection_method": "standardize per training task, then deterministic maximin farthest-point sampling"
  },
  "environment": {
    "numpy": "2.5.1",
    "pandas": "3.0.3",
    "platform": "macOS-26.5.2-arm64-arm-64bit-Mach-O",
    "python": "3.13.14 (main, Jun 10 2026, 12:24:04) [Clang 21.0.0 (clang-2100.0.123.102)]",
    "sklearn": "1.9.0",
    "wall_seconds": 5.355676625000342
  },
  "generalization": {
    "agent_mean": 0.895810359231412,
    "agent_minus_global_mean": -0.006666666666666665,
    "agent_ties_vs_global": 4,
    "agent_wins_vs_global": 2,
    "feature_columns": [
      "task_log_samples",
      "task_log_features",
      "task_classes",
      "task_imbalance",
      "task_sparse",
      "task_mod_tabular",
      "task_mod_image",
      "task_mod_text",
      "cand_fam_logreg",
      "cand_fam_linearsvc",
      "cand_fam_sgd",
      "cand_fam_knn",
      "cand_strength",
      "cand_balanced",
      "cand_variant_distance",
      "cand_variant_log"
    ],
    "global_best_candidate": "sgd-log_loss-a0.01",
    "global_mean": 0.9024770258980785,
    "heldout_tasks": 10,
    "modalities": [
      "image",
      "tabular",
      "text"
    ],
    "oracle_mean": 0.9132289055973265,
    "random_mean": 0.8484507414369256,
    "selected_candidates": 10,
    "training_tasks": 9
  },
  "protocol": {
    "candidate_actions": 120,
    "heldout_tasks": 10,
    "label": "scaled_independent_reproduction",
    "offline_text_smoke": false,
    "openreview_id": "kcPPWaoegr",