{
  "diversity": {
    "candidate_mean_distances": {
      "knn-k1-distance": 4.262257784680108,
      "knn-k1-uniform": 4.262257784680108,
      "knn-k11-distance": 4.031464086764846,
      "knn-k11-uniform": 4.240660428332693,
      "knn-k15-distance": 4.117004178310176,
      "knn-k15-uniform": 4.313440418687663,
      "knn-k21-distance": 4.135624184398737,
      "knn-k21-uniform": 4.804563390493934,
      "knn-k3-distance": 4.40335846217702,
      "knn-k3-uniform": 4.344504845447706,
      "knn-k31-distance": 4.286426255127397,
      "knn-k31-uniform": 4.805969131177353,
      "knn-k45-distance": 4.507603861584536,
      "knn-k45-uniform": 4.976581512522836,
      "knn-k5-distance": 4.476790715719647,
      "knn-k5-uniform": 4.350857298485531,
      "knn-k7-distance": 4.545634343232753,
      "knn-k7-uniform": 4.632547151021062,
      "knn-k9-distance": 4.383080033996778,
      "knn-k9-uniform": 4.309199486896352,
      "linearsvc-c0.001-b0": 3.890318247700368,
      "linearsvc-c0.001-b1": 4.0671407986107555,
      "linearsvc-c0.0020691-b0": 2.7682891382857657,
      "linearsvc-c0.0020691-b1": 3.391938554536539,
      "linearsvc-c0.0042813-b0": 2.8477514967338124,
      "linearsvc-c0.0042813-b1": 3.369963143517914,
      "linearsvc-c0.0088587-b0": 2.7725521519833385,
      "linearsvc-c0.0088587-b1": 2.969465659709484,
      "linearsvc-c0.01833-b0": 2.9541454223172026,
      "linearsvc-c0.01833-b1": 3.4313938153608095,
      "linearsvc-c0.037927-b0": 3.603209664623109,
      "linearsvc-c0.037927-b1": 3.290517130268761,
      "linearsvc-c0.078476-b0": 3.4930622898155708,
      "linearsvc-c0.078476-b1": 3.4930622898155708,
      "linearsvc-c0.16238-b0": 3.186194667622069,
      "linearsvc-c0.16238-b1": 3.260690422379996,
      "linearsvc-c0.33598-b0": 3.007573948332438,
      "linearsvc-c0.33598-b1": 3.0101523971685564,
      "linearsvc-c0.69519-b0": 2.863461969156293,
      "linearsvc-c0.69519-b1": 2.863461969156293,
      "linearsvc-c1.4384-b0": 2.4372618023930444,
      "linearsvc-c1.4384-b1": 2.4372618023930444,
      "linearsvc-c1000-b0": 2.564790243142613,
      "linearsvc-c1000-b1": 2.6498387872808795,
      "linearsvc-c112.88-b0": 2.566254224670305,
      "linearsvc-c112.88-b1": 2.6498387872808795,
      "linearsvc-c12.743-b0": 2.9108369025140637,
      "linearsvc-c12.743-b1": 2.9102671739571764,
      "linearsvc-c2.9764-b0": 2.626144134548996,
      "linearsvc-c2.9764-b1": 2.731356035300801,
      "linearsvc-c233.57-b0": 2.564790243142613,
      "linearsvc-c233.57-b1": 2.6498387872808795,
      "linearsvc-c26.367-b0": 2.7683973236123065,
      "linearsvc-c26.367-b1": 2.7683973236123065,
      "linearsvc-c483.29-b0": 2.564790243142613,
      "linearsvc-c483.29-b1": 2.6498387872808795,
      "linearsvc-c54.556-b0": 2.6498387872808795,
      "linearsvc-c54.556-b1": 2.7683973236123065,
      "linearsvc-c6.1585-b0": 2.8230719445952728,
      "linearsvc-c6.1585-b1": 2.731356035300801,
      "logreg-c0.001-b0": 3.86622268312406,
      "logreg-c0.001-b1": 3.777661876297604,
      "logreg-c0.0020691-b0": 3.2172034442260062,
      "logreg-c0.0020691-b1": 2.977751577144228,
      "logreg-c0.0042813-b0": 2.472780723362008,
      "logreg-c0.0042813-b1": 2.437220851853299,
      "logreg-c0.0088587-b0": 2.4087703671466576,
      "logreg-c0.0088587-b1": 2.5138308946995767,
      "logreg-c0.01833-b0": 2.444136002361409,
      "logreg-c0.01833-b1": 2.613106659951376,
      "logreg-c0.037927-b0": 2.295596977466283,
      "logreg-c0.037927-b1": 2.760562477714577,
      "logreg-c0.078476-b0": 2.51054664593646,
      "logreg-c0.078476-b1": 2.7126866634291655,
      "logreg-c0.16238-b0": 2.3581415672370136,
      "logreg-c0.16238-b1": 2.7219897776275412,
      "logreg-c0.33598-b0": 2.3605158632013348,
      "logreg-c0.33598-b1": 2.7202448851908687,
      "logreg-c0.69519-b0": 2.3433554141833697,
      "logreg-c0.69519-b1": 2.3438872094198246,
      "logreg-c1.4384-b0": 2.3433554141833697,
      "logreg-c1.4384-b1": 2.505207935935583,
      "logreg-c1000-b0": 2.4069801468462666,
      "logreg-c1000-b1": 2.4051048506706754,
      "logreg-c112.88-b0": 2.2631953653547554,
      "logreg-c112.88-b1": 2.4051048506706754,
      "logreg-c12.743-b0": 2.1915714149500882,
      "logreg-c12.743-b1": 2.19564227320962,
      "logreg-c2.9764-b0": 2.238240097311282,
      "logreg-c2.9764-b1": 2.238240097311282,
      "logreg-c233.57-b0": 2.2631953653547554,
      "logreg-c233.57-b1": 2.4051048506706754,
      "logreg-c26.367-b0": 2.2631953653547554,
      "logreg-c26.367-b1": 2.2631953653547554,
      "logreg-c483.29-b0": 2.2631953653547554,
      "logreg-c483.29-b1": 2.4051048506706754,
      "logreg-c54.556-b0": 2.2631953653547554,
      "logreg-c54.556-b1": 2.2631953653547554,
      "logreg-c6.1585-b0": 2.1837045534487123,
      "logreg-c6.1585-b1": 2.16680289219371,
      "sgd-hinge-a0.000215": 2.828750771773768,
      "sgd-hinge-a0.000774": 2.9094530945873456,
      "sgd-hinge-a0.00278": 2.4386746468482614,
      "sgd-hinge-a0.01": 3.1640511147396286,
      "sgd-hinge-a1.29e-06": 5.343450585755343,
      "sgd-hinge-a1.67e-05": 3.31573297182026,
      "sgd-hinge-a1e-07": 3.083990623085257,
      "sgd-hinge-a3.59e-07": 3.1448974703557457,
      "sgd-hinge-a4.64e-06": 3.1474917521472037,
      "sgd-hinge-a5.99e-05": 3.0427602166083125,
      "sgd-log_loss-a0.000215": 2.5984496215737156,
      "sgd-log_loss-a0.000774": 2.4985972920804915,
      "sgd-log_loss-a0.00278": 2.6183003717742728,
      "sgd-log_loss-a0.01": 3.2937114605138667,
      "sgd-log_loss-a1.29e-06": 4.502954015557572,
      "sgd-log_loss-a1.67e-05": 5.715844943675383,
      "sgd-log_loss-a1e-07": 3.3950329289401058,
      "sgd-log_loss-a3.59e-07": 3.1864743814410987,
      "sgd-log_loss-a4.64e-06": 3.587142473141361,
      "sgd-log_loss-a5.99e-05": 3.0072974713548337
    },
    "empirical_p_ge_selected": 0.0001999600079984003,
    "random_max": 4.781152161688116,
    "random_mean": 3.137372906918556,
    "random_p95": 3.9803443560132776,
    "random_sd": 0.5204859199580456,
    "random_trials": 5000,
    "selected_ids": [
      "sgd-log_loss-a1.67e-05",
      "sgd-hinge-a1.29e-06",
      "knn-k45-uniform",
      "knn-k31-uniform",
      "knn-k21-uniform",
      "knn-k7-uniform",
      "knn-k7-distance",
      "knn-k45-distance",
      "sgd-log_loss-a1.29e-06",
      "knn-k5-distance"
    ],
    "selected_mean_pairwise_distance": 5.266916994282214
  },
  "environment": {
    "numpy": "2.5.1",
    "pandas": "3.0.3",
    "platform": "macOS-26.5.2-arm64-arm-64bit-Mach-O",
    "python": "3.13.14 (main, Jun 10 2026, 12:24:04) [Clang 21.0.0 (clang-2100.0.123.102)]",
    "sklearn": "1.9.0",
    "wall_seconds": 31.254429291000633
  },
  "generalization": {
    "agent_mean": 0.941723753829017,
    "agent_minus_global_mean": -0.004775828460038989,
    "agent_ties_vs_global": 6,
    "agent_wins_vs_global": 1,
    "feature_columns": [
      "task_log_samples",
      "task_log_features",
      "task_classes",
      "task_imbalance",
      "task_sparse",
      "task_mod_tabular",
      "task_mod_image",
      "task_mod_text",
      "cand_fam_logreg",
      "cand_fam_linearsvc",
      "cand_fam_sgd",
      "cand_fam_knn",
      "cand_strength",
      "cand_balanced",
      "cand_variant_distance",
      "cand_variant_log"
    ],
    "global_best_candidate": "knn-k5-distance",
    "global_mean": 0.946499582289056,
    "heldout_tasks": 10,
    "modalities": [
      "image",
      "tabular",
      "text"
    ],
    "oracle_mean": 0.9557351712614871,
    "random_mean": 0.9370912823725982,
    "selected_candidates": 10,
    "training_tasks": 9
  },
  "protocol": {
    "candidate_actions": 120,
    "heldout_tasks": 10,
    "label": "scaled_independent_reproduction",
    "offline_text_smoke": true,
    "openreview_id": "kcPPWaoegr",
    "paper": "ML-Agent: Reinforcing LLM Agents for Autonomous Machine Learning Engineering",
    "random_subsets": 5000,